header,Uniprot_ID,gene_name,SH2 number,protein_residue,feature_position,alignment_postion,number_mods_at_position,number_conserved_ligand_residues_nearby,number_residues_from_conserved_ligand,domain_interaction
O14512|SOCS7|1|398|508,O14512,SOCS7,1,455,58,112,4.0,1,1,
O14512|SOCS7|1|398|508,O14512,SOCS7,1,457,60,123,3.0,0,2,
O14512|SOCS7|1|398|508,O14512,SOCS7,1,421,24,58,19.0,0,4,SOCS_box
O14543|SOCS3|1|44|132,O14543,SOCS3,1,86,43,79,3.0,0,5,
O60880|SH2D1A|1|4|101,O60880,SH2D1A,1,23,20,47,2.0,0,6,
O60880|SH2D1A|1|4|101,O60880,SH2D1A,1,12,9,31,7.0,0,6,
O60880|SH2D1A|1|4|101,O60880,SH2D1A,1,28,25,58,19.0,0,4,
O75815|BCAR3|1|152|252,O75815,BCAR3,1,204,53,109,3.0,2,1,
O75815|BCAR3|1|152|252,O75815,BCAR3,1,164,13,40,2.0,1,1,
O75815|BCAR3|1|152|252,O75815,BCAR3,1,179,28,64,22.0,3,0,
O75815|BCAR3|1|152|252,O75815,BCAR3,1,182,31,67,10.0,3,0,
O75815|BCAR3|1|152|252,O75815,BCAR3,1,209,58,123,3.0,0,2,
O75815|BCAR3|1|152|252,O75815,BCAR3,1,213,62,127,3.0,2,1,
P06239|LCK|1|125|223,P06239,LCK,1,159,35,67,10.0,3,0,
P06239|LCK|1|125|223,P06239,LCK,1,198,74,137,3.0,1,2,
P06239|LCK|1|125|223,P06239,LCK,1,210,86,149,2.0,1,1,
P06239|LCK|1|125|223,P06239,LCK,1,133,9,31,7.0,0,6,
P06239|LCK|1|125|223,P06239,LCK,1,150,26,58,19.0,0,4,
P06239|LCK|1|125|223,P06239,LCK,1,156,32,64,22.0,3,0,
P06239|LCK|1|125|223,P06239,LCK,1,158,34,66,13.0,4,0,
P06239|LCK|1|125|223,P06239,LCK,1,162,38,72,6.0,0,2,
P06239|LCK|1|125|223,P06239,LCK,1,194,70,126,5.0,2,0,
P06239|LCK|1|125|223,P06239,LCK,1,213,89,152,5.0,1,1,
P06241|FYN|1|147|245,P06241,FYN,1,181,35,67,10.0,3,0,
P06241|FYN|1|147|245,P06241,FYN,1,217,71,134,4.0,3,0,
P06241|FYN|1|147|245,P06241,FYN,1,178,32,64,22.0,3,0,
P06241|FYN|1|147|245,P06241,FYN,1,186,40,74,10.0,1,0,
P06241|FYN|1|147|245,P06241,FYN,1,188,42,76,8.0,1,2,
P07947|YES1|1|156|254,P07947,YES1,1,190,35,67,10.0,3,0,
P07947|YES1|1|156|254,P07947,YES1,1,226,71,134,4.0,3,0,
P07947|YES1|1|156|254,P07947,YES1,1,187,32,64,22.0,3,0,
P07947|YES1|1|156|254,P07947,YES1,1,195,40,74,10.0,1,0,
P07947|YES1|1|156|254,P07947,YES1,1,197,42,76,8.0,1,2,
P07948|LYN|1|127|225,P07948,LYN,1,135,9,31,7.0,0,6,
P07948|LYN|1|127|225,P07948,LYN,1,149,23,55,2.0,0,7,
P07948|LYN|1|127|225,P07948,LYN,1,158,32,64,22.0,3,0,
P07948|LYN|1|127|225,P07948,LYN,1,164,38,72,6.0,0,2,
P07948|LYN|1|127|225,P07948,LYN,1,166,40,74,10.0,1,0,
P07948|LYN|1|127|225,P07948,LYN,1,187,61,108,3.0,2,0,
P07948|LYN|1|127|225,P07948,LYN,1,196,70,126,5.0,2,0,
P08631|HCK|1|142|240,P08631,HCK,1,202,61,108,3.0,2,0,
P08631|HCK|1|142|240,P08631,HCK,1,181,40,74,10.0,1,0,
P08631|HCK|1|142|240,P08631,HCK,1,238,97,186,2.0,0,6,
P09769|FGR|1|142|240,P09769,FGR,1,176,35,67,10.0,3,0,
P09769|FGR|1|142|240,P09769,FGR,1,211,70,126,5.0,2,0,
P09769|FGR|1|142|240,P09769,FGR,1,212,71,134,4.0,3,0,
P09769|FGR|1|142|240,P09769,FGR,1,173,32,64,22.0,3,0,
P09769|FGR|1|142|240,P09769,FGR,1,181,40,74,10.0,1,0,
P09769|FGR|1|142|240,P09769,FGR,1,183,42,76,8.0,1,2,
P09769|FGR|1|142|240,P09769,FGR,1,218,77,140,13.0,0,5,
P12931|SRC|1|149|247,P12931,SRC,1,182,34,66,13.0,4,0,
P12931|SRC|1|149|247,P12931,SRC,1,183,35,67,10.0,3,0,
P12931|SRC|1|149|247,P12931,SRC,1,246,98,187,1.0,0,7,
P12931|SRC|1|149|247,P12931,SRC,1,174,26,58,19.0,0,4,
P16885|PLCG2|2|644|734,P16885,PLCG2,2,683,40,76,8.0,1,2,
P16885|PLCG2|2|644|734,P16885,PLCG2,2,677,34,67,10.0,3,0,
P16885|PLCG2|2|644|734,P16885,PLCG2,2,679,36,72,6.0,0,2,
P27986|PIK3R1|1|331|427,P27986,PIK3R1,1,369,39,74,10.0,1,0,
P27986|PIK3R1|2|622|717,P27986,PIK3R1,2,623,2,20,2.0,0,17,
P27986|PIK3R1|2|622|717,P27986,PIK3R1,2,628,7,29,3.0,0,8,
P27986|PIK3R1|2|622|717,P27986,PIK3R1,2,629,8,30,1.0,0,7,
P29350|PTPN6|2|108|212,P29350,PTPN6,2,177,70,124,1.0,1,1,
P29350|PTPN6|2|108|212,P29350,PTPN6,2,188,81,142,2.0,0,6,
P29350|PTPN6|2|108|212,P29350,PTPN6,2,186,79,140,13.0,0,5,
P29350|PTPN6|2|108|212,P29350,PTPN6,2,140,33,66,13.0,4,0,
P40763|STAT3|1|580|669,P40763,STAT3,1,605,26,58,19.0,0,4,
P40763|STAT3|1|580|669,P40763,STAT3,1,632,53,104,1.0,4,0,
P40763|STAT3|1|580|669,P40763,STAT3,1,641,62,132,1.0,1,1,
P40763|STAT3|1|580|669,P40763,STAT3,1,622,43,76,8.0,1,2,
P40763|STAT3|1|580|669,P40763,STAT3,1,636,57,108,3.0,2,0,
P42226|STAT6|1|517|631,P42226,STAT6,1,525,9,9,1.0,0,28,STAT_linker
P42229|STAT5A|1|587|699,P42229,STAT5A,1,647,61,111,2.0,1,0,
P42229|STAT5A|1|587|699,P42229,STAT5A,1,648,62,112,4.0,1,1,
P42685|FRK|1|114|207,P42685,FRK,1,178,65,126,5.0,2,0,
P42685|FRK|1|114|207,P42685,FRK,1,133,20,47,2.0,0,6,
P42685|FRK|1|114|207,P42685,FRK,1,139,26,58,19.0,0,4,
P42685|FRK|1|114|207,P42685,FRK,1,184,71,139,3.0,0,4,
P43403|ZAP70|2|161|253,P43403,ZAP70,2,197,37,72,6.0,0,2,
P43403|ZAP70|2|161|253,P43403,ZAP70,2,166,6,28,2.0,0,9,
P43403|ZAP70|2|161|253,P43403,ZAP70,2,167,7,29,3.0,0,8,
P43403|ZAP70|2|161|253,P43403,ZAP70,2,179,19,46,2.0,0,5,
P43405|SYK|1|13|106,P43405,SYK,1,73,61,122,1.0,0,3,
P43405|SYK|1|13|106,P43405,SYK,1,44,32,64,22.0,3,0,
P43405|SYK|2|166|258,P43405,SYK,2,256,91,186,2.0,0,6,
P43405|SYK|2|166|258,P43405,SYK,2,178,13,40,2.0,1,1,
P43405|SYK|2|166|258,P43405,SYK,2,202,37,72,6.0,0,2,
P43405|SYK|2|166|258,P43405,SYK,2,245,80,149,2.0,1,1,
P46108|CRK|1|11|117,P46108,CRK,1,42,32,66,13.0,4,0,
P46108|CRK|1|11|117,P46108,CRK,1,111,101,155,2.0,3,0,SH3_domain
P46108|CRK|1|11|117,P46108,CRK,1,112,102,183,3.0,0,3,
P46108|CRK|1|11|117,P46108,CRK,1,113,103,184,3.0,0,4,
P46108|CRK|1|11|117,P46108,CRK,1,40,30,64,22.0,3,0,
P46108|CRK|1|11|117,P46108,CRK,1,41,31,65,6.0,3,0,
P46108|CRK|1|11|117,P46108,CRK,1,43,33,67,10.0,3,0,
P46108|CRK|1|11|117,P46108,CRK,1,74,64,118,1.0,0,7,
P46108|CRK|1|11|117,P46108,CRK,1,83,73,127,3.0,2,1,
P46108|CRK|1|11|117,P46108,CRK,1,85,75,129,1.0,0,3,
P46108|CRK|1|11|117,P46108,CRK,1,96,86,140,13.0,0,5,
P46109|CRKL|1|12|101,P46109,CRKL,1,43,32,66,13.0,4,0,
P46109|CRKL|1|12|101,P46109,CRKL,1,95,84,155,2.0,3,0,SH3_domain
P46109|CRKL|1|12|101,P46109,CRKL,1,96,85,183,3.0,0,3,
P46109|CRKL|1|12|101,P46109,CRKL,1,97,86,184,3.0,0,4,
P46109|CRKL|1|12|101,P46109,CRKL,1,41,30,64,22.0,3,0,
P46109|CRKL|1|12|101,P46109,CRKL,1,42,31,65,6.0,3,0,
P51692|STAT5B|1|587|704,P51692,STAT5B,1,684,98,169,1.0,0,5,
P51692|STAT5B|1|587|704,P51692,STAT5B,1,692,106,177,1.0,0,3,
P51692|STAT5B|1|587|704,P51692,STAT5B,1,655,69,140,13.0,0,5,
P52333|JAK3|1|373|462,P52333,JAK3,1,391,19,46,2.0,0,5,
P52333|JAK3|1|373|462,P52333,JAK3,1,398,26,58,19.0,0,4,
P52630|STAT2|1|570|666,P52630,STAT2,1,597,28,58,19.0,0,4,
P52630|STAT2|1|570|666,P52630,STAT2,1,595,26,56,3.0,0,6,
Q06124|PTPN11|1|4|101,Q06124,PTPN11,1,59,56,109,3.0,2,1,PTP_cat
Q06124|PTPN11|1|4|101,Q06124,PTPN11,1,28,25,58,19.0,0,4,
Q06124|PTPN11|1|4|101,Q06124,PTPN11,1,34,31,64,22.0,3,0,
Q06124|PTPN11|1|4|101,Q06124,PTPN11,1,36,33,66,13.0,4,0,
Q06124|PTPN11|2|110|215,Q06124,PTPN11,2,153,44,79,3.0,0,5,
Q06124|PTPN11|2|110|215,Q06124,PTPN11,2,165,56,91,1.0,0,11,
Q06124|PTPN11|2|110|215,Q06124,PTPN11,2,142,33,66,13.0,4,0,
Q06124|PTPN11|2|110|215,Q06124,PTPN11,2,189,80,140,13.0,0,5,SH2
Q08881|ITK|1|237|337,Q08881,ITK,1,274,38,74,10.0,1,0,
Q08881|ITK|1|237|337,Q08881,ITK,1,276,40,76,8.0,1,2,
Q13094|LCP2|1|420|529,Q13094,LCP2,1,428,9,31,7.0,0,6,
Q13094|LCP2|1|420|529,Q13094,LCP2,1,454,35,68,3.0,2,1,
Q13094|LCP2|1|420|529,Q13094,LCP2,1,455,36,69,1.0,1,2,
Q13094|LCP2|1|420|529,Q13094,LCP2,1,456,37,70,1.0,0,3,
Q13094|LCP2|1|420|529,Q13094,LCP2,1,425,6,28,2.0,0,9,
Q13671|RIN1|1|67|162,Q13671,RIN1,1,90,24,58,19.0,0,4,
Q63HR2|TNS2|1|1138|1246,Q63HR2,TNS2,1,1182,45,81,4.0,0,7,
Q63HR2|TNS2|1|1138|1246,Q63HR2,TNS2,1,1218,81,134,4.0,3,0,
Q68CZ2|TNS3|1|1170|1281,Q68CZ2,TNS3,1,1214,45,81,4.0,0,7,
Q68CZ2|TNS3|1|1170|1281,Q68CZ2,TNS3,1,1261,92,142,2.0,0,6,
Q68CZ2|TNS3|1|1170|1281,Q68CZ2,TNS3,1,1199,30,64,22.0,3,0,
Q68CZ2|TNS3|1|1170|1281,Q68CZ2,TNS3,1,1201,32,66,13.0,4,0,
Q68CZ2|TNS3|1|1170|1281,Q68CZ2,TNS3,1,1218,49,85,1.0,0,11,
Q68CZ2|TNS3|1|1170|1281,Q68CZ2,TNS3,1,1252,83,133,2.0,2,0,
Q68CZ2|TNS3|1|1170|1281,Q68CZ2,TNS3,1,1259,90,140,13.0,0,5,
Q68CZ2|TNS3|1|1170|1281,Q68CZ2,TNS3,1,1193,24,58,19.0,0,4,
Q7Z7G1|CLNK|1|307|418,Q7Z7G1,CLNK,1,339,33,66,13.0,4,0,
Q7Z7G1|CLNK|1|307|418,Q7Z7G1,CLNK,1,338,32,65,6.0,3,0,
Q7Z7G1|CLNK|1|307|418,Q7Z7G1,CLNK,1,341,35,68,3.0,2,1,
Q7Z7G1|CLNK|1|307|418,Q7Z7G1,CLNK,1,331,25,58,19.0,0,4,
Q9BRG2|SH2D3A|1|13|113,Q9BRG2,SH2D3A,1,97,85,150,1.0,1,2,
Q9BRG2|SH2D3A|1|13|113,Q9BRG2,SH2D3A,1,40,28,64,22.0,3,0,
Q9BRG2|SH2D3A|1|13|113,Q9BRG2,SH2D3A,1,56,44,82,1.0,0,8,
Q9UGK3|STAP2|1|133|232,Q9UGK3,STAP2,1,191,59,77,1.0,0,3,
O00459|PIK3R2|2|620|715,O00459,PIK3R2,2,643,24,58,19.0,0,4,
O00459|PIK3R2|2|620|715,O00459,PIK3R2,2,688,69,140,13.0,0,5,
P15882|CHN1|1|47|125,P15882,CHN1,1,92,46,101,1.0,1,1,
O14544|SOCS6|1|382|490,O14544,SOCS6,1,405,24,58,19.0,0,4,SOCS_box
O14544|SOCS6|1|382|490,O14544,SOCS6,1,419,38,74,10.0,1,0,
O14796|SH2D1B|1|3|100,O14796,SH2D1B,1,71,69,133,2.0,2,0,
O15357|INPPL1|1|19|116,O15357,INPPL1,1,43,25,58,19.0,0,4,
O15357|INPPL1|1|19|116,O15357,INPPL1,1,49,31,64,22.0,3,0,
O43639|NCK2|1|283|378,O43639,NCK2,1,321,39,74,10.0,1,0,
O75159|SOCS5|1|379|475,O75159,SOCS5,1,438,60,123,3.0,0,2,
P00519|ABL1|1|125|216,P00519,ABL1,1,142,18,45,1.0,0,4,
P00519|ABL1|1|125|216,P00519,ABL1,1,180,56,110,1.0,2,1,
P00519|ABL1|1|125|216,P00519,ABL1,1,187,63,126,5.0,2,0,
P07332|FES|1|458|548,P07332,FES,1,477,20,56,3.0,0,6,
P16333|NCK1|1|280|375,P16333,NCK1,1,312,33,66,13.0,4,0,
P16333|NCK1|1|280|375,P16333,NCK1,1,313,34,67,10.0,3,0,
P16333|NCK1|1|280|375,P16333,NCK1,1,347,68,139,3.0,0,4,
P16591|FER|1|458|549,P16591,FER,1,498,41,79,3.0,0,5,
P20936|RASA1|2|349|440,P20936,RASA1,2,418,70,140,13.0,0,5,
P29350|PTPN6|1|2|99,P29350,PTPN6,1,10,9,31,7.0,0,6,
P29350|PTPN6|1|2|99,P29350,PTPN6,1,26,25,58,19.0,0,4,
P29350|PTPN6|1|2|99,P29350,PTPN6,1,57,56,109,3.0,2,1,PTP_cat
P29353|SHC1|1|486|578,P29353,SHC1,1,494,9,31,7.0,0,6,
P29353|SHC1|1|486|578,P29353,SHC1,1,513,28,64,22.0,3,0,
P29597|TYK2|1|452|538,P29597,TYK2,1,491,40,81,4.0,0,7,
P29597|TYK2|1|452|538,P29597,TYK2,1,499,48,89,1.0,0,13,
P29597|TYK2|1|452|538,P29597,TYK2,1,525,74,140,13.0,0,5,
P41240|CSK|1|80|170,P41240,CSK,1,136,57,111,2.0,1,0,Prot_kinase_dom
P42224|STAT1|1|573|669,P42224,STAT1,1,583,11,31,7.0,0,6,
P42224|STAT1|1|573|669,P42224,STAT1,1,606,34,66,13.0,4,0,STAT_linker
P42224|STAT1|1|573|669,P42224,STAT1,1,640,68,137,3.0,1,2,
P42680|TEC|1|245|344,P42680,TEC,1,275,31,64,22.0,3,0,
P42680|TEC|1|245|344,P42680,TEC,1,276,32,65,6.0,3,0,
P42680|TEC|1|245|344,P42680,TEC,1,308,64,112,4.0,1,1,
P42684|ABL2|1|171|262,P42684,ABL2,1,172,2,20,2.0,0,17,
P42684|ABL2|1|171|262,P42684,ABL2,1,194,24,58,19.0,0,4,
P42684|ABL2|1|171|262,P42684,ABL2,1,200,30,64,22.0,3,0,
P42684|ABL2|1|171|262,P42684,ABL2,1,203,33,67,10.0,3,0,
P42684|ABL2|1|171|262,P42684,ABL2,1,208,38,74,10.0,1,0,
P42684|ABL2|1|171|262,P42684,ABL2,1,239,69,139,3.0,0,4,
P43403|ZAP70|1|8|101,P43403,ZAP70,1,14,7,29,3.0,0,8,
P51451|BLK|1|122|219,P51451,BLK,1,197,76,140,13.0,0,5,
P51813|BMX|1|294|391,P51813,BMX,1,324,31,64,22.0,3,0,
P51813|BMX|1|294|391,P51813,BMX,1,325,32,65,6.0,3,0,
P62993|GRB2|1|58|151,P62993,GRB2,1,88,31,64,22.0,3,0,
P62993|GRB2|1|58|151,P62993,GRB2,1,90,33,66,13.0,4,0,
Q06187|BTK|1|279|376,Q06187,BTK,1,309,31,64,22.0,3,0,
Q06187|BTK|1|279|376,Q06187,BTK,1,318,40,76,8.0,1,2,
Q06187|BTK|1|279|376,Q06187,BTK,1,323,45,81,4.0,0,7,
Q06187|BTK|1|279|376,Q06187,BTK,1,342,64,112,4.0,1,1,
Q06187|BTK|1|279|376,Q06187,BTK,1,366,88,152,5.0,1,1,
Q06187|BTK|1|279|376,Q06187,BTK,1,371,93,183,3.0,0,3,
Q13588|GRAP|1|58|153,Q13588,GRAP,1,90,33,66,13.0,4,0,
Q13882|PTK6|1|76|169,Q13882,PTK6,1,111,36,68,3.0,2,1,
Q13882|PTK6|1|76|169,Q13882,PTK6,1,117,42,76,8.0,1,2,
Q13882|PTK6|1|76|169,Q13882,PTK6,1,159,84,152,5.0,1,1,
Q15464|SHB|1|408|503,Q15464,SHB,1,437,30,64,22.0,3,0,
Q6S5L8|SHC4|1|524|616,Q6S5L8,SHC4,1,538,15,42,2.0,1,1,
Q6S5L8|SHC4|1|524|616,Q6S5L8,SHC4,1,606,83,178,1.0,0,2,
Q6S5L8|SHC4|1|524|616,Q6S5L8,SHC4,1,609,86,181,1.0,1,1,
Q6S5L8|SHC4|1|524|616,Q6S5L8,SHC4,1,612,89,184,3.0,0,4,
Q6S5L8|SHC4|1|524|616,Q6S5L8,SHC4,1,601,78,152,5.0,1,1,
Q8IZW8|TNS4|1|447|555,Q8IZW8,TNS4,1,476,30,64,22.0,3,0,
Q8IZW8|TNS4|1|447|555,Q8IZW8,TNS4,1,477,31,65,6.0,3,0,
Q8N5H7|SH2D3C|1|218|318,Q8N5H7,SH2D3C,1,277,60,125,1.0,2,0,
Q9H6Q3|SLA2|1|92|190,Q9H6Q3,SLA2,1,129,38,72,6.0,0,2,
Q9NRF2|SH2B1|1|525|624,Q9NRF2,SH2B1,1,580,56,107,1.0,3,0,
Q9NSE2|CISH|1|80|187,Q9NSE2,CISH,1,142,63,127,3.0,2,1,
Q9NSE2|CISH|1|80|187,Q9NSE2,CISH,1,173,94,164,1.0,2,0,
Q9NSE2|CISH|1|80|187,Q9NSE2,CISH,1,175,96,166,1.0,1,2,
Q9UKW4|VAV3|1|670|765,Q9UKW4,VAV3,1,738,69,140,13.0,0,5,
Q9UKW4|VAV3|1|670|765,Q9UKW4,VAV3,1,750,81,152,5.0,1,1,
Q9ULZ2|STAP1|1|175|279,Q9ULZ2,STAP1,1,196,22,55,2.0,0,7,
Q9UN19|DAPP1|1|33|128,Q9UN19,DAPP1,1,101,69,140,13.0,0,5,
P15498|VAV1|1|669|764,P15498,VAV1,1,683,15,42,2.0,1,1,
P19174|PLCG1|1|548|656,P19174,PLCG1,1,582,35,58,19.0,0,4,
P23458|JAK1|1|437|543,P23458,JAK1,1,515,79,137,3.0,1,2,
P23458|JAK1|1|437|543,P23458,JAK1,1,518,82,140,13.0,0,5,
P23458|JAK1|1|437|543,P23458,JAK1,1,524,88,146,1.0,0,2,
P52735|VAV2|1|671|766,P52735,VAV2,1,692,22,56,3.0,0,6,
Q92835|INPP5D|1|3|100,Q92835,INPP5D,1,27,25,58,19.0,0,4,
Q92835|INPP5D|1|3|100,Q92835,INPP5D,1,33,31,64,22.0,3,0,
